{
    "graphics": {
        "fpsLimit": 244
    },
    "sound": {
        "effects": 0.6600000262260437,
        "master": 0.5,
        "music": 0.28999999165534973
    },
    "version": "0.5.0a"
}